AccelerationX,AccelerationY,AccelerationZ
-0.4218597412109375,0.6617584228515625,-0.617767333984375
-0.4111480712890625,0.6410675048828125,-0.5711517333984375
-0.4378814697265625,0.6691741943359375,-0.6099090576171875
-0.4185638427734375,0.6640625,-0.606353759765625
-0.3956451416015625,0.648406982421875,-0.6101226806640625
-0.4020538330078125,0.6503143310546875,-0.631134033203125
-0.4161376953125,0.65374755859375,-0.620513916015625
-0.4114837646484375,0.65484619140625,-0.623321533203125
-0.4164276123046875,0.6491546630859375,-0.6379241943359375
-0.42681884765625,0.6462860107421875,-0.6312255859375
-0.4212188720703125,0.650115966796875,-0.611297607421875
-0.4001617431640625,0.64837646484375,-0.6157989501953125
-0.408447265625,0.65948486328125,-0.6380157470703125
-0.4332275390625,0.6513519287109375,-0.6057891845703125
-0.4818267822265625,0.6091156005859375,-0.5447540283203125
-0.551513671875,0.6023712158203125,-0.53466796875
-0.455352783203125,0.712493896484375,-0.5708770751953125
-0.433837890625,0.6712188720703125,-0.593963623046875
-0.4584197998046875,0.625335693359375,-0.5273590087890625
-0.5153656005859375,0.644683837890625,-0.5316009521484375
-0.4673309326171875,0.665618896484375,-0.47808837890625
-0.451751708984375,0.677581787109375,-0.5306396484375
-0.4996490478515625,0.6433563232421875,-0.456878662109375
-0.4766082763671875,0.70843505859375,-0.2548065185546875
-0.6254425048828125,0.7275543212890625,-0.3172607421875
-0.7511444091796875,0.6932220458984375,-0.1399383544921875
-0.7755889892578125,0.6534576416015625,-0.079498291015625
-0.8179779052734375,0.71734619140625,-0.2014007568359375
-0.83502197265625,0.6570281982421875,-0.159210205078125
-0.87945556640625,0.6316070556640625,-0.1230621337890625
-0.8900604248046875,0.63775634765625,-0.1314544677734375
-0.81207275390625,0.6539306640625,0.0655975341796875
-0.88067626953125,0.65740966796875,-0.0208282470703125
-0.8839569091796875,0.6066741943359375,-0.0435333251953125
-0.8173370361328125,0.58544921875,0.087677001953125
-0.807952880859375,0.522369384765625,-0.0167694091796875
-0.869842529296875,0.626190185546875,-0.171478271484375
-0.952667236328125,0.624603271484375,-0.2924652099609375
-0.9463653564453124,0.753021240234375,-0.2572479248046875
-0.8734588623046875,0.584869384765625,-0.285308837890625
-0.797454833984375,0.6569976806640625,-0.3647003173828125
-0.7418670654296875,0.793365478515625,-0.418548583984375
-0.6586456298828125,0.78582763671875,-0.2636566162109375
-0.6406097412109375,0.650146484375,-0.2307586669921875
-0.67132568359375,0.651458740234375,-0.17413330078125
-0.6129608154296875,0.685699462890625,-0.16217041015625
-0.5826263427734375,0.6838226318359375,-0.1650390625
-0.5192108154296875,0.6345367431640625,-0.0943450927734375
-0.4943084716796875,0.6459503173828125,-0.045013427734375
-0.548187255859375,0.703521728515625,0.0512237548828125
-0.6012115478515625,0.788848876953125,0.09368896484375
-0.633026123046875,0.8657073974609375,0.0758056640625
-0.8370208740234375,1.01226806640625,0.0415496826171875
-0.8165283203125,0.9940643310546876,-0.007171630859375
-0.7112884521484375,0.7147369384765625,-0.058441162109375
-0.71331787109375,0.5515289306640625,-0.0423583984375
-0.82525634765625,0.6531982421875,0.03021240234375
-0.835418701171875,0.760498046875,0.0015716552734375
-0.7715606689453125,0.6893310546875,-0.13238525390625
-0.765625,0.6250152587890625,-0.2005767822265625
-0.769622802734375,0.6412200927734375,-0.19769287109375
-0.68585205078125,0.632476806640625,-0.0997314453125
-0.6664276123046875,0.605987548828125,-0.0625
-0.66802978515625,0.622100830078125,-0.027618408203125
-0.7187652587890625,0.6822509765625,0.0093994140625
-0.8047943115234375,0.778778076171875,-0.012298583984375
-0.792877197265625,0.7514495849609375,-0.0291900634765625
-0.79840087890625,0.77716064453125,-0.0324249267578125
-0.869354248046875,0.967926025390625,-0.082000732421875
-0.8437042236328125,0.8926239013671875,-0.118804931640625
-0.8450469970703125,0.6801300048828125,-0.07861328125
-0.8925323486328125,0.803192138671875,-0.1169281005859375
-0.84344482421875,0.9412994384765624,-0.0715789794921875
-0.7183990478515625,0.87872314453125,-0.037017822265625
-0.684295654296875,0.7836151123046875,-0.014923095703125
-0.60955810546875,0.7645416259765625,-0.0416259765625
-0.495269775390625,0.7128753662109375,-0.065826416015625
-0.4663848876953125,0.6689453125,0.0587921142578125
-0.4439544677734375,0.64404296875,0.106475830078125
-0.4100799560546875,0.6492462158203125,0.0488433837890625
-0.4207916259765625,0.6896514892578125,0.0136871337890625
-0.468658447265625,0.7134552001953125,-0.0503692626953125
-0.63092041015625,0.7373504638671875,-0.0665740966796875
-0.759307861328125,0.9970703125,-0.041656494140625
-0.65234375,0.84228515625,-0.2410888671875
-0.813232421875,0.720672607421875,-0.2462310791015625
-0.8959197998046875,0.7576446533203125,-0.1511993408203125
-0.8842620849609375,0.8070526123046875,-0.1085968017578125
-0.8002471923828125,0.710784912109375,-0.1876983642578125
-0.7695159912109375,0.634796142578125,-0.1968536376953125
-0.790313720703125,0.6242218017578125,-0.093475341796875
-0.7419586181640625,0.638671875,0.0267486572265625
-0.7133636474609375,0.6340484619140625,0.0650177001953125
-0.7324676513671875,0.6628265380859375,0.0137786865234375
-0.806427001953125,0.69036865234375,-0.0645751953125
-0.8656463623046875,0.768798828125,-0.0882720947265625
-0.862762451171875,0.810943603515625,-0.1652069091796875
-0.8143310546875,0.790802001953125,-0.2560882568359375
-0.794219970703125,0.894500732421875,-0.2945709228515625
-0.72607421875,0.91448974609375,-0.334808349609375
-0.6692352294921875,0.772003173828125,-0.2985687255859375
-0.74676513671875,0.8382415771484375,-0.222930908203125
-0.7322845458984375,0.92926025390625,-0.2527313232421875
-0.6032867431640625,0.7728424072265625,-0.2529144287109375
-0.5726470947265625,0.6314544677734375,-0.2379608154296875
-0.582122802734375,0.6336212158203125,-0.1626129150390625
-0.5511932373046875,0.662933349609375,-0.0646514892578125
-0.4947662353515625,0.706298828125,-0.0809173583984375
-0.454071044921875,0.7689056396484375,-0.103485107421875
-0.5278778076171875,0.87255859375,0.0047607421875
-0.59747314453125,0.9719085693359376,0.03515625
-0.673614501953125,0.947021484375,-0.0013885498046875
-0.75421142578125,0.88690185546875,-0.0466461181640625
-0.6757354736328125,0.89459228515625,0.00567626953125
-0.419464111328125,0.7231292724609375,-0.17120361328125
-0.573974609375,0.74359130859375,-0.088775634765625
-0.69598388671875,0.807342529296875,0.1128387451171875
-0.6460723876953125,0.7118072509765625,0.1812591552734375
-0.6087188720703125,0.598876953125,0.082855224609375
-0.5729522705078125,0.5658721923828125,0.01947021484375
-0.5260467529296875,0.6079864501953125,0.0107269287109375
-0.5499725341796875,0.651275634765625,0.0242919921875
-0.6692657470703125,0.6990203857421875,0.060546875
-0.7755889892578125,0.7940826416015625,0.0402984619140625
-0.8062286376953125,0.8560333251953125,-0.0736541748046875
-0.8421783447265625,0.8680419921875,-0.1612396240234375
-0.8319549560546875,0.789093017578125,-0.1528778076171875
-0.8784027099609375,0.8096160888671875,-0.0615997314453125
-0.94024658203125,1.0820159912109375,-0.03314208984375
-0.7433319091796875,0.8316802978515625,-0.08660888671875
-0.7801361083984375,0.7291412353515625,-0.1261138916015625
-0.7705078125,0.8768463134765625,-0.155242919921875
-0.65380859375,0.92608642578125,-0.118072509765625
-0.5675506591796875,0.810791015625,-0.1415557861328125
-0.556243896484375,0.74908447265625,-0.136444091796875
-0.506317138671875,0.7590179443359375,-0.07867431640625
-0.438934326171875,0.7462005615234375,-0.050811767578125
-0.3944244384765625,0.7072601318359375,-0.0229644775390625
-0.412139892578125,0.730804443359375,-0.0052032470703125
-0.43896484375,0.801055908203125,-0.0311126708984375
-0.46240234375,0.904022216796875,-0.006683349609375
-0.52191162109375,0.8452606201171875,0.01055908203125
-0.7585296630859375,1.0160980224609375,0.0502777099609375
-0.63128662109375,1.0511322021484375,-0.0615692138671875
-0.5869903564453125,0.7996368408203125,-0.1429290771484375
-0.766326904296875,0.737640380859375,-0.0415802001953125
-0.7969207763671875,0.755340576171875,0.017425537109375
-0.73779296875,0.7243499755859375,0.00970458984375
-0.654022216796875,0.6487884521484375,-0.0537109375
-0.6290435791015625,0.665313720703125,-0.085418701171875
-0.5918731689453125,0.6892852783203125,-0.08697509765625
-0.5966949462890625,0.6764678955078125,-0.05352783203125
-0.632110595703125,0.67724609375,0.01019287109375
-0.6683197021484375,0.7431793212890625,0.016693115234375
-0.7517242431640625,0.8424224853515625,-0.0700836181640625
-0.782745361328125,0.85711669921875,-0.120574951171875
-0.8075103759765625,0.824066162109375,-0.1444854736328125
-0.87451171875,0.974578857421875,-0.1082916259765625
-0.80828857421875,0.9879913330078124,-0.08355712890625
-0.6846160888671875,0.7613067626953125,-0.138397216796875
-0.716094970703125,0.758209228515625,-0.159515380859375
-0.6732940673828125,0.882293701171875,-0.1619110107421875
-0.54931640625,0.8684539794921875,-0.1578826904296875
-0.5296630859375,0.76153564453125,-0.1478271484375
-0.5327301025390625,0.68951416015625,-0.075408935546875
-0.49029541015625,0.68438720703125,-0.0418701171875
-0.45367431640625,0.7143096923828125,-0.04052734375
-0.4378662109375,0.7258453369140625,-0.0266876220703125
-0.46246337890625,0.739166259765625,-0.0241546630859375
-0.5160064697265625,0.8503570556640625,-0.0126495361328125
-0.5132293701171875,0.917633056640625,-0.028594970703125
-0.6143798828125,0.874420166015625,-0.0673370361328125
-0.712158203125,1.0476837158203125,-0.016754150390625
-0.544921875,0.9597320556640624,-0.173065185546875
-0.5169525146484375,0.7811431884765625,-0.1959686279296875
-0.610748291015625,0.707305908203125,-0.043670654296875
-0.653411865234375,0.7590789794921875,0.047149658203125
-0.6581573486328125,0.74298095703125,0.01300048828125
-0.63983154296875,0.6739654541015625,-0.114044189453125
-0.6393280029296875,0.67144775390625,-0.1635284423828125
-0.6710205078125,0.696258544921875,-0.1762237548828125
-0.7391815185546875,0.694671630859375,-0.1022186279296875
-0.7989501953125,0.7308807373046875,0.000335693359375
-0.7923583984375,0.7818450927734375,-0.10601806640625
-0.8029022216796875,0.8768157958984375,-0.1258392333984375
-0.859649658203125,0.8980712890625,-0.1184234619140625
-0.78448486328125,0.8517608642578125,-0.100616455078125
-0.76568603515625,1.012664794921875,-0.1684417724609375
-0.68939208984375,1.1287841796875,-0.2705535888671875
-0.557647705078125,0.8908843994140625,-0.210540771484375
-0.602783203125,0.70831298828125,-0.16912841796875
-0.664276123046875,0.808685302734375,-0.1561431884765625
-0.59979248046875,0.8735809326171875,-0.121856689453125
-0.4869537353515625,0.7437591552734375,-0.1488189697265625
-0.5320892333984375,0.655242919921875,-0.1926422119140625
-0.49639892578125,0.6548309326171875,-0.11798095703125
-0.48236083984375,0.6573028564453125,-0.0309906005859375
-0.4271392822265625,0.656402587890625,0.0868988037109375
-0.4302520751953125,0.7270355224609375,0.1162872314453125
-0.514739990234375,0.8568878173828125,0.0889434814453125
-0.578887939453125,0.9322662353515624,0.06298828125
-0.548248291015625,0.8236236572265625,0.0091552734375
-0.7069091796875,0.9504547119140624,0.04364013671875
-0.6686859130859375,1.0533447265625,-0.0833892822265625
-0.5896148681640625,0.7199249267578125,-0.09222412109375
-0.6790771484375,0.710662841796875,-0.001953125
-0.6757354736328125,0.821807861328125,-0.0243377685546875
-0.6358489990234375,0.7877349853515625,-0.08984375
-0.629364013671875,0.6828155517578125,-0.106414794921875
-0.675079345703125,0.69580078125,-0.070343017578125
-0.6799774169921875,0.742645263671875,-0.0658111572265625
-0.6815643310546875,0.7221221923828125,-0.095367431640625
-0.7208099365234375,0.7385711669921875,-0.086700439453125
-0.7464447021484375,0.7804718017578125,-0.077911376953125
-0.740325927734375,0.780731201171875,-0.074493408203125
-0.69036865234375,0.8249053955078125,-0.08673095703125
-0.645263671875,0.8458709716796875,-0.100860595703125
-0.6959228515625,0.881744384765625,-0.099609375
-0.6877593994140625,1.0796356201171875,-0.13385009765625
-0.604736328125,0.960662841796875,-0.1795806884765625
-0.7008819580078125,0.8524322509765625,-0.139984130859375
-0.6580047607421875,0.9024658203125,-0.1717987060546875
-0.585540771484375,0.93408203125,-0.1410980224609375
-0.549560546875,0.826019287109375,-0.1207733154296875
-0.5696258544921875,0.72052001953125,-0.1190643310546875
-0.5466156005859375,0.7248687744140625,-0.119476318359375
-0.493499755859375,0.7564849853515625,-0.0783233642578125
-0.4370574951171875,0.7468414306640625,-0.032806396484375
-0.4070892333984375,0.74627685546875,-0.030487060546875
-0.4171600341796875,0.7938385009765625,-0.056365966796875
-0.484832763671875,0.88421630859375,-0.0216064453125
-0.528656005859375,0.9075775146484376,0.0209808349609375
-0.6134490966796875,0.853851318359375,-0.0152435302734375
-0.668060302734375,0.9588470458984376,0.0207672119140625
-0.5726318359375,0.878509521484375,-0.0303955078125
-0.6132965087890625,0.72650146484375,-0.0086212158203125
-0.667755126953125,0.759613037109375,-0.0003814697265625
-0.6811370849609375,0.84271240234375,-0.0645294189453125
-0.651824951171875,0.7545318603515625,-0.1331787109375
-0.653411865234375,0.6584930419921875,-0.1383819580078125
-0.665679931640625,0.6357879638671875,-0.092193603515625
-0.6035003662109375,0.6716461181640625,-0.0274658203125
-0.6100921630859375,0.69708251953125,0.0218505859375
-0.6004791259765625,0.715362548828125,0.0070953369140625
-0.6450042724609375,0.7234039306640625,-0.0488433837890625
-0.756378173828125,0.78607177734375,-0.095245361328125
-0.8076934814453125,0.83880615234375,-0.09490966796875
-0.7775421142578125,0.816070556640625,-0.082061767578125
-0.8592376708984375,1.002044677734375,-0.1080474853515625
-0.82635498046875,1.0130157470703125,-0.142791748046875
-0.7430419921875,0.8196258544921875,-0.1446990966796875
-0.7916107177734375,0.7579345703125,-0.0744171142578125
-0.754150390625,0.8847808837890625,-0.0745086669921875
-0.6162872314453125,0.9673919677734376,-0.122833251953125
-0.49371337890625,0.8274383544921875,-0.181121826171875
-0.528656005859375,0.73846435546875,-0.14691162109375
-0.5106658935546875,0.7357330322265625,-0.0818023681640625
-0.4283905029296875,0.745086669921875,-0.0405731201171875
-0.3988189697265625,0.7307281494140625,0.010284423828125
-0.38848876953125,0.733001708984375,0.035552978515625
-0.4107818603515625,0.7478485107421875,0.000518798828125
-0.45758056640625,0.8162689208984375,0.0046539306640625
-0.493194580078125,0.82940673828125,0.0092926025390625
-0.6394195556640625,0.9271240234375,0.0640411376953125
-0.6844329833984375,1.060577392578125,0.0899658203125
-0.687774658203125,0.9505157470703124,-0.0007171630859375
-0.7672271728515625,0.756103515625,-0.0703582763671875
-0.8091583251953125,0.639068603515625,0.0236053466796875
-0.8673248291015625,0.6732177734375,0.046905517578125
-0.933624267578125,0.7357025146484375,-0.0115509033203125
-0.894500732421875,0.6258392333984375,-0.1413421630859375
-0.7828369140625,0.6142730712890625,-0.1330413818359375
-0.7265777587890625,0.6439666748046875,-0.082122802734375
-0.71209716796875,0.6363372802734375,-0.048553466796875
-0.7187652587890625,0.572052001953125,0.0897979736328125
-0.783172607421875,0.5792694091796875,0.0133819580078125
-0.7666168212890625,0.5643310546875,0.031982421875
-0.8768310546875,0.54400634765625,-0.0759124755859375
-0.914886474609375,0.5950927734375,-0.10333251953125
-0.937286376953125,0.6624755859375,-0.0753631591796875
-0.802703857421875,0.625823974609375,-0.2705841064453125
-0.7823944091796875,0.720611572265625,-0.2472991943359375
-0.841156005859375,0.839874267578125,-0.39495849609375
-0.5754547119140625,0.5782623291015625,-0.223846435546875
-0.5731353759765625,0.5396575927734375,-0.219451904296875
-0.6046142578125,0.5806732177734375,-0.1618194580078125
-0.6087188720703125,0.6389312744140625,-0.1778411865234375
-0.62994384765625,0.645660400390625,-0.26849365234375
-0.665252685546875,0.6592559814453125,-0.338226318359375
-0.672882080078125,0.627410888671875,-0.344207763671875
-0.725921630859375,0.659088134765625,-0.3169097900390625
-0.828277587890625,0.6811676025390625,-0.3114471435546875
-0.8393096923828125,0.6533355712890625,-0.3174896240234375
-0.8470611572265625,0.666168212890625,-0.3176727294921875
-0.8881683349609375,0.647430419921875,-0.280853271484375
-0.8465576171875,0.5984954833984375,-0.25811767578125
-0.829803466796875,0.610382080078125,-0.320709228515625
-0.8450469970703125,0.691802978515625,-0.3258056640625
-0.851318359375,0.7404022216796875,-0.339019775390625
-0.815216064453125,0.712738037109375,-0.3530731201171875
-0.767425537109375,0.65838623046875,-0.3754425048828125
-0.7090606689453125,0.685760498046875,-0.260162353515625
-0.6815032958984375,0.7520599365234375,-0.1521453857421875
-0.7175750732421875,0.80426025390625,-0.19610595703125
-0.6163787841796875,0.7295379638671875,-0.1341094970703125
-0.5556182861328125,0.6952056884765625,0.033935546875
-0.5092926025390625,0.7822418212890625,0.0589447021484375
-0.4932403564453125,0.8345947265625,0.1341400146484375
-0.4827117919921875,0.88330078125,0.1451568603515625
-0.507659912109375,0.831573486328125,0.190887451171875
-0.5182647705078125,0.7615966796875,0.2845306396484375
-0.481353759765625,0.7669525146484375,0.3467254638671875
-0.436737060546875,0.7988433837890625,0.2991790771484375
-0.4792938232421875,0.825347900390625,0.2196044921875
-0.5246124267578125,0.8860321044921875,0.28692626953125
-0.593505859375,0.941680908203125,0.308868408203125
-0.6534576416015625,0.963470458984375,0.318115234375
-0.717376708984375,0.959991455078125,0.305389404296875
-0.758148193359375,0.956817626953125,0.221435546875
-0.78692626953125,0.9134368896484376,0.1772918701171875
-0.82073974609375,0.8537139892578125,0.1369781494140625
-0.831878662109375,0.8688812255859375,0.1289520263671875
-0.7160491943359375,0.84039306640625,0.1244964599609375
-0.7291717529296875,0.804595947265625,0.117431640625
-0.7010040283203125,0.8994140625,0.0742645263671875
-0.6270599365234375,1.0290985107421875,0.00189208984375
-0.5797271728515625,0.965606689453125,-0.0808868408203125
-0.553009033203125,0.8479766845703125,-0.053253173828125
-0.4909820556640625,0.8723907470703125,-0.01434326171875
-0.4480133056640625,0.9047088623046876,0.009124755859375
-0.3836669921875,0.94854736328125,-0.0348968505859375
-0.4223480224609375,0.93914794921875,-0.0373077392578125
-0.4339447021484375,0.9234771728515624,0.0384521484375
-0.421112060546875,0.95794677734375,0.095733642578125
-0.3730621337890625,0.9721221923828124,0.0762481689453125
-0.3681640625,0.9296112060546876,0.088653564453125
-0.3290252685546875,0.9818115234375,0.1513519287109375
-0.3340301513671875,0.9972076416015624,0.0947113037109375
-0.405303955078125,0.816558837890625,0.124725341796875
-0.504364013671875,0.700408935546875,0.2832489013671875
-0.4655303955078125,0.815948486328125,0.27239990234375
-0.4051666259765625,0.8790435791015625,0.1783294677734375
-0.401519775390625,0.80804443359375,0.146697998046875
-0.454193115234375,0.7828826904296875,0.1018829345703125
-0.478668212890625,0.7822265625,0.1643218994140625
-0.5467987060546875,0.79864501953125,0.2206878662109375
-0.5947265625,0.837677001953125,0.198577880859375
-0.6425323486328125,0.8906402587890625,0.143280029296875
-0.71044921875,0.967864990234375,0.06536865234375
-0.7156524658203125,0.9338836669921876,0.0185394287109375
-0.757049560546875,0.9376678466796876,0.0433502197265625
-0.7574005126953125,1.05267333984375,0.052764892578125
-0.6830902099609375,0.9792327880859376,0.0922088623046875
-0.673248291015625,0.840789794921875,0.0873870849609375
-0.660064697265625,0.9017333984375,0.078948974609375
-0.5706634521484375,0.988250732421875,0.0449676513671875
-0.493621826171875,0.9159698486328124,0.01104736328125
-0.520782470703125,0.85113525390625,-0.000823974609375
-0.4738006591796875,0.848236083984375,0.037261962890625
-0.404449462890625,0.8634185791015625,0.0763397216796875
-0.37548828125,0.8551177978515625,0.08489990234375
-0.3454437255859375,0.8572998046875,0.0674285888671875
-0.3263092041015625,0.86962890625,0.056640625
-0.34222412109375,0.9308929443359376,0.0757598876953125
-0.3647003173828125,0.89208984375,0.044830322265625
-0.4901275634765625,0.8745574951171875,0.126312255859375
-0.5001678466796875,1.058074951171875,0.1288604736328125
-0.4539337158203125,1.067535400390625,-0.0279541015625
-0.4833526611328125,0.87744140625,-0.0198974609375
-0.578582763671875,0.7419891357421875,0.0768890380859375
-0.6688232421875,0.7496795654296875,0.1059112548828125
-0.686981201171875,0.7653961181640625,0.138946533203125
-0.5746002197265625,0.7209014892578125,0.119476318359375
-0.5052947998046875,0.735107421875,0.046234130859375
-0.5911407470703125,0.749603271484375,0.0526580810546875
-0.7164764404296875,0.656158447265625,0.1840057373046875
-0.8175811767578125,0.678985595703125,0.104248046875
-0.8957366943359375,0.802886962890625,0.0167999267578125
-0.932769775390625,0.91229248046875,0.011260986328125
-0.8866729736328125,0.9191436767578124,-0.013031005859375
-0.855743408203125,0.8778228759765625,0.0567474365234375
-0.8192596435546875,0.98199462890625,0.124237060546875
-0.7411651611328125,1.0648651123046875,0.09765625
-0.6667022705078125,0.9688568115234376,-0.0539093017578125
-0.7396087646484375,0.9069061279296876,0.11553955078125
-0.69512939453125,0.953704833984375,0.24932861328125
-0.538848876953125,0.9667205810546876,0.15704345703125
-0.4574432373046875,0.8570556640625,0.007049560546875
-0.4136505126953125,0.7657623291015625,-0.0069427490234375
-0.3730926513671875,0.7377471923828125,0.0787506103515625
-0.1938018798828125,0.666473388671875,0.16937255859375
-0.1629638671875,0.5897674560546875,0.1567230224609375
-0.31121826171875,0.62762451171875,0.0184326171875
-0.4664459228515625,0.753875732421875,-0.019439697265625
-0.6024322509765625,0.845611572265625,0.0313873291015625
-0.7185516357421875,0.8751068115234375,0.0536346435546875
-0.8097076416015625,0.95556640625,0.118865966796875
-0.768829345703125,1.184112548828125,0.0584564208984375
-0.66583251953125,0.9362640380859376,-0.1121826171875
-0.70867919921875,0.6703338623046875,-0.0057525634765625
-0.682525634765625,0.7107086181640625,0.050628662109375
-0.6519927978515625,0.7844696044921875,-0.0057525634765625
-0.5865936279296875,0.8065032958984375,-0.1069183349609375
-0.5548553466796875,0.7889251708984375,-0.13037109375
-0.5790863037109375,0.7626953125,0.0041656494140625
-0.642120361328125,0.73089599609375,0.056121826171875
-0.642333984375,0.706634521484375,0.0758056640625
-0.67376708984375,0.7113189697265625,0.0670623779296875
-0.7525482177734375,0.8303070068359375,0.0198974609375
-0.80108642578125,0.9434967041015624,-0.0173187255859375
-0.7721099853515625,0.9355621337890624,-0.0821075439453125
-0.762359619140625,0.9623565673828124,-0.1016998291015625
-0.7056427001953125,1.054901123046875,-0.066253662109375
-0.6268157958984375,1.0470428466796875,-0.0249786376953125
-0.573455810546875,0.877471923828125,-0.10675048828125
-0.6138916015625,0.84716796875,-0.07958984375
-0.5570831298828125,0.905181884765625,-0.0222930908203125
-0.472686767578125,0.88214111328125,-0.051239013671875
-0.44696044921875,0.7584991455078125,-0.0995025634765625
-0.4528656005859375,0.7604217529296875,-0.098114013671875
-0.41827392578125,0.7730255126953125,-0.0228729248046875
-0.38934326171875,0.7751922607421875,0.0597076416015625
-0.3575897216796875,0.7599639892578125,0.0928497314453125
-0.3552703857421875,0.759368896484375,0.1031951904296875
-0.4080657958984375,0.8434906005859375,0.1234283447265625
-0.3732147216796875,0.8988037109375,0.08538818359375
-0.4751434326171875,0.871429443359375,0.0842742919921875
-0.6228790283203125,1.0721282958984375,0.2146453857421875
-0.588348388671875,1.14556884765625,0.0972747802734375
-0.5914154052734375,0.902191162109375,-0.0509033203125
-0.720611572265625,0.8123931884765625,0.053497314453125
-0.7423553466796875,0.8312225341796875,0.12060546875
-0.6802520751953125,0.776519775390625,0.1351165771484375
-0.6129608154296875,0.6706695556640625,0.016204833984375
-0.573760986328125,0.683837890625,-0.0261688232421875
-0.5126495361328125,0.7240447998046875,0.0031280517578125
-0.499847412109375,0.7179412841796875,0.013763427734375
-0.531280517578125,0.720916748046875,0.0533294677734375
-0.6168670654296875,0.7708740234375,0.07672119140625
-0.7217559814453125,0.8807373046875,0.0982666015625
-0.74298095703125,0.9324951171875,0.0609893798828125
-0.74676513671875,0.8800201416015625,0.0501861572265625
-0.8015594482421875,1.088958740234375,0.0758056640625
-0.7136993408203125,1.1023406982421875,0.03424072265625
-0.64361572265625,0.8930816650390625,-0.01055908203125
-0.7227325439453125,0.885711669921875,0.011383056640625
-0.6507720947265625,1.000335693359375,0.0098114013671875
-0.4942626953125,0.9727783203125,-0.0464019775390625
-0.4258270263671875,0.84063720703125,-0.0873565673828125
-0.4453277587890625,0.75848388671875,-0.07318115234375
-0.404144287109375,0.74249267578125,0.00079345703125
-0.3617706298828125,0.71783447265625,0.0680084228515625
-0.333526611328125,0.718963623046875,0.113189697265625
-0.330352783203125,0.7503814697265625,0.1082611083984375
-0.350189208984375,0.8074798583984375,0.0942840576171875
-0.4192352294921875,0.9131927490234376,0.127410888671875
-0.469390869140625,0.918060302734375,0.1224822998046875
-0.5739288330078125,0.9550933837890624,0.13824462890625
-0.572235107421875,1.12908935546875,0.1131744384765625
-0.5231781005859375,1.0909423828125,-0.020355224609375
-0.588531494140625,0.87286376953125,-0.01361083984375
-0.737335205078125,0.8252105712890625,0.030914306640625
-0.7794036865234375,0.89129638671875,-0.0137481689453125
-0.6351470947265625,0.7967071533203125,-0.0689849853515625
-0.6494293212890625,0.6626129150390625,-0.063873291015625
-0.6084747314453125,0.673919677734375,-0.059326171875
-0.53094482421875,0.7265167236328125,-0.0169525146484375
-0.5070648193359375,0.7266998291015625,0.0538482666015625
-0.5872802734375,0.736541748046875,0.0589752197265625
-0.6730499267578125,0.787750244140625,0.0641326904296875
-0.696868896484375,0.8529205322265625,0.0380706787109375
-0.6770782470703125,0.9069976806640624,-0.0491180419921875
-0.6708831787109375,0.9055328369140624,-0.05908203125
-0.7649688720703125,1.162994384765625,-0.02545166015625
-0.5991668701171875,1.0242156982421875,-0.1212005615234375
-0.6773681640625,0.875701904296875,-0.052032470703125
-0.7118682861328125,1.01080322265625,-0.021820068359375
-0.5985107421875,1.1068878173828125,0.0264434814453125
-0.483154296875,0.9424591064453124,-0.0036773681640625
-0.486572265625,0.772247314453125,0.0078887939453125
-0.41961669921875,0.68328857421875,0.0976409912109375
-0.3740997314453125,0.682891845703125,0.1966705322265625
-0.4069366455078125,0.665557861328125,0.2817840576171875
-0.5101318359375,0.7224273681640625,0.267303466796875
-0.5258636474609375,0.8472442626953125,0.134674072265625
-0.5262603759765625,0.9691925048828124,-0.0369873046875
-0.539306640625,0.9175262451171876,-0.1744232177734375
-0.6578369140625,0.8923492431640625,-0.1182098388671875
-0.637939453125,0.96160888671875,-0.10369873046875
-0.519989013671875,0.8637237548828125,-0.251861572265625
-0.638763427734375,0.6983795166015625,-0.1981658935546875
-0.6939849853515625,0.753753662109375,-0.14544677734375
-0.663848876953125,0.81292724609375,-0.1887664794921875
-0.5636444091796875,0.6814422607421875,-0.2134857177734375
-0.523223876953125,0.587493896484375,-0.18878173828125
-0.5118408203125,0.673095703125,-0.1409759521484375
-0.5481109619140625,0.7779693603515625,-0.0904998779296875
-0.6092987060546875,0.7559661865234375,-0.03839111328125
-0.68475341796875,0.77740478515625,-0.009063720703125
-0.77947998046875,0.8948211669921875,-0.06927490234375
-0.8191375732421875,0.9191436767578124,-0.11181640625
-0.8470916748046875,0.7953948974609375,-0.097259521484375
-0.9453887939453124,0.8239593505859375,-0.0506439208984375
-0.9056549072265624,0.9390411376953124,-0.09759521484375
-0.78472900390625,0.825714111328125,-0.1802825927734375
-0.760772705078125,0.7624969482421875,-0.212615966796875
-0.697998046875,0.8374786376953125,-0.191680908203125
-0.6365966796875,0.89349365234375,-0.1623687744140625
-0.6151123046875,0.870758056640625,-0.1988372802734375
-0.564239501953125,0.7994384765625,-0.2160797119140625
-0.519256591796875,0.7889556884765625,-0.171478271484375
-0.4905853271484375,0.7974700927734375,-0.1102752685546875
-0.4533843994140625,0.80413818359375,-0.0937652587890625
-0.431304931640625,0.8166656494140625,-0.12469482421875
-0.449005126953125,0.8346099853515625,-0.094482421875
-0.4472808837890625,0.9094085693359376,-0.0614776611328125
-0.4029998779296875,0.8453521728515625,-0.068634033203125
-0.5458526611328125,0.7640380859375,-0.03070068359375
-0.5752716064453125,0.9654388427734376,-0.0248260498046875
-0.4503021240234375,0.8225250244140625,-0.182037353515625
-0.6035003662109375,0.7274627685546875,-0.0926971435546875
-0.636993408203125,0.83251953125,-0.0838775634765625
-0.616607666015625,0.88226318359375,-0.150970458984375
-0.585784912109375,0.7458343505859375,-0.1527252197265625
-0.591156005859375,0.6617889404296875,-0.091888427734375
-0.60345458984375,0.6939849853515625,-0.0696563720703125
-0.585205078125,0.7305450439453125,-0.0682373046875
-0.6150970458984375,0.75787353515625,-0.081878662109375
-0.697601318359375,0.80853271484375,-0.094635009765625
-0.784515380859375,0.8376922607421875,-0.10406494140625
-0.8322906494140625,0.8303375244140625,-0.0983428955078125
-0.8174896240234375,0.792572021484375,-0.1185150146484375
-0.8152008056640625,0.8496246337890625,-0.13128662109375
-0.7849884033203125,1.05633544921875,-0.22344970703125
-0.71380615234375,0.9433135986328124,-0.270294189453125
-0.726531982421875,0.7770538330078125,-0.17401123046875
-0.738037109375,0.9113311767578124,-0.1488494873046875
-0.6632537841796875,1.0233612060546875,-0.2035064697265625
-0.544219970703125,0.971343994140625,-0.25689697265625
-0.542510986328125,0.8544921875,-0.2767333984375
-0.4986114501953125,0.8331756591796875,-0.19915771484375
-0.39508056640625,0.81707763671875,-0.1735076904296875
-0.3184967041015625,0.7660064697265625,-0.10736083984375
-0.30804443359375,0.722991943359375,-0.047332763671875
-0.33026123046875,0.72113037109375,-0.036865234375
-0.366241455078125,0.733551025390625,-0.0232391357421875
-0.4005279541015625,0.7790985107421875,-0.003570556640625
-0.4596405029296875,0.7881927490234375,-0.0329742431640625
-0.5986785888671875,0.9072113037109376,0.001556396484375
-0.6269989013671875,1.100006103515625,-0.0251617431640625
-0.6345367431640625,1.100921630859375,-0.187347412109375
-0.699371337890625,0.814697265625,-0.191650390625
-0.816558837890625,0.7056427001953125,-0.02630615234375
-0.8718109130859375,0.752899169921875,-0.0102996826171875
-0.834442138671875,0.80841064453125,-0.095794677734375
-0.7536468505859375,0.7883758544921875,-0.1983642578125
-0.670745849609375,0.76959228515625,-0.2402496337890625
-0.5772247314453125,0.7509307861328125,-0.18609619140625
-0.521148681640625,0.751251220703125,-0.1216583251953125
-0.482757568359375,0.7493133544921875,-0.077545166015625
-0.5004425048828125,0.76495361328125,-0.09539794921875
-0.57159423828125,0.809173583984375,-0.1806640625
-0.6575469970703125,0.804718017578125,-0.1468963623046875
-0.70208740234375,0.8259429931640625,-0.1255950927734375
-0.684906005859375,0.8305816650390625,-0.1164703369140625
-0.6441802978515625,0.8478851318359375,-0.1310577392578125
-0.6336212158203125,0.9065704345703124,-0.163330078125
-0.5983428955078125,0.970947265625,-0.175384521484375
-0.5173187255859375,0.8555755615234375,-0.1684417724609375
-0.4698944091796875,0.7039947509765625,-0.0816192626953125
-0.4711151123046875,0.678680419921875,-0.0494842529296875
-0.441802978515625,0.7177581787109375,-0.124053955078125
-0.4136505126953125,0.762969970703125,-0.17791748046875
-0.4650115966796875,0.7847137451171875,-0.2330169677734375
-0.50860595703125,0.7845458984375,-0.2549591064453125
-0.5736846923828125,0.807952880859375,-0.284515380859375
-0.621307373046875,0.812957763671875,-0.1835784912109375
-0.70892333984375,0.8567352294921875,-0.1757049560546875
-0.76593017578125,0.8887939453125,-0.3430328369140625
-0.8025054931640625,0.79644775390625,-0.2460479736328125
-0.7467041015625,0.73895263671875,0.093048095703125
-0.8499298095703125,0.68170166015625,-0.010498046875
-0.7602386474609375,0.702606201171875,-0.076690673828125
-0.7848663330078125,0.7849884033203125,-0.1959075927734375
-0.6927947998046875,0.82257080078125,-0.2161865234375
-0.548614501953125,0.8066558837890625,-0.182586669921875
-0.6013031005859375,0.93109130859375,-0.2383575439453125
-0.60858154296875,0.881622314453125,-0.3593597412109375
-0.530792236328125,0.8256072998046875,-0.259613037109375
-0.5012969970703125,0.8550262451171875,-0.1774139404296875
-0.457366943359375,0.8498077392578125,-0.1775665283203125
-0.37628173828125,0.8214263916015625,-0.1515045166015625
-0.3035736083984375,0.8377227783203125,-0.0143890380859375
-0.3058624267578125,0.91314697265625,0.0478515625
-0.40826416015625,0.9936065673828124,0.101654052734375
-0.4672393798828125,0.95831298828125,0.10784912109375
-0.4973907470703125,0.885528564453125,0.0845794677734375
-0.562225341796875,0.86175537109375,0.1015167236328125
-0.6013641357421875,0.8549957275390625,0.1610870361328125
-0.646636962890625,0.8511505126953125,0.1223907470703125
-0.6992950439453125,0.8462066650390625,0.0512847900390625
-0.714324951171875,0.8032684326171875,0.02044677734375
-0.7139739990234375,0.733917236328125,0.020355224609375
-0.71728515625,0.721038818359375,0.0391082763671875
-0.693634033203125,0.695770263671875,0.0206451416015625
-0.682098388671875,0.70782470703125,-0.01507568359375
-0.6804962158203125,0.7543487548828125,-0.090179443359375
-0.6587371826171875,0.75006103515625,-0.1363983154296875
-0.68023681640625,0.8046417236328125,-0.1372528076171875
-0.686859130859375,0.9625244140625,-0.18096923828125
-0.702484130859375,1.0439453125,-0.222808837890625
-0.641998291015625,0.8263702392578125,-0.13421630859375
-0.630859375,0.8870697021484375,-0.0979461669921875
-0.5693511962890625,0.9544525146484376,-0.1528778076171875
-0.5487213134765625,0.915496826171875,-0.2750244140625
-0.616790771484375,0.825225830078125,-0.2923583984375
-0.6094207763671875,0.7829742431640625,-0.144500732421875
-0.582366943359375,0.7812042236328125,-0.07220458984375
-0.49859619140625,0.787689208984375,-0.085784912109375
-0.4099578857421875,0.7962646484375,-0.1343841552734375
-0.3907012939453125,0.8092041015625,-0.1080780029296875
-0.38946533203125,0.81561279296875,-0.0369415283203125
-0.4375152587890625,0.849273681640625,0.0025787353515625
-0.4908599853515625,0.836151123046875,-0.0440521240234375
-0.604705810546875,0.8914794921875,-0.0152130126953125
-0.6220245361328125,1.034271240234375,-0.02935791015625
-0.6497039794921875,0.9986419677734376,-0.141204833984375
-0.6584625244140625,0.8228302001953125,-0.1181640625
-0.7191162109375,0.728668212890625,-0.070770263671875
-0.7915496826171875,0.7456207275390625,-0.0385589599609375
-0.7604522705078125,0.7385101318359375,-0.0543670654296875
-0.7010498046875,0.6522674560546875,-0.0590972900390625
-0.6471405029296875,0.6721038818359375,-0.07098388671875
-0.5754547119140625,0.699462890625,-0.0429840087890625
-0.52691650390625,0.68408203125,-0.0222015380859375
-0.5145721435546875,0.69207763671875,-0.027435302734375
-0.60003662109375,0.76806640625,-0.054595947265625
-0.703155517578125,0.8779144287109375,-0.0558013916015625
-0.75250244140625,0.8790130615234375,-0.078399658203125
-0.7682952880859375,0.848876953125,-0.09588623046875
-0.770294189453125,0.9168701171875,-0.084259033203125
-0.735015869140625,1.026519775390625,-0.088714599609375
-0.632232666015625,0.94696044921875,-0.12481689453125
-0.6273193359375,0.7368011474609375,-0.12060546875
-0.6941680908203125,0.7590789794921875,-0.1072235107421875
-0.6179656982421875,0.85125732421875,-0.1424102783203125
-0.5607147216796875,0.841094970703125,-0.196502685546875
-0.5602569580078125,0.7416229248046875,-0.147064208984375
-0.5517578125,0.675140380859375,-0.0863037109375
-0.5133819580078125,0.6848297119140625,-0.0771942138671875
-0.451202392578125,0.6889801025390625,-0.026397705078125
-0.4243927001953125,0.7113037109375,-0.039306640625
-0.481109619140625,0.7865142822265625,-0.1000518798828125
-0.569366455078125,0.8758087158203125,-0.0708465576171875
-0.5680084228515625,0.8791046142578125,-0.068328857421875
-0.631317138671875,0.8125457763671875,-0.0852813720703125
-0.745086669921875,0.9768218994140624,-0.0396881103515625
-0.6376190185546875,0.879730224609375,-0.0933837890625
-0.623626708984375,0.613037109375,-0.0666656494140625
-0.7655029296875,0.679656982421875,-0.0609893798828125
-0.8225250244140625,0.7648468017578125,-0.1344451904296875
-0.8033905029296875,0.6891937255859375,-0.186492919921875
-0.789215087890625,0.64886474609375,-0.212890625
-0.6893463134765625,0.6768341064453125,-0.1660614013671875
-0.58612060546875,0.7015228271484375,-0.118377685546875
-0.557952880859375,0.6894989013671875,-0.146484375
-0.5697479248046875,0.7083587646484375,-0.1858367919921875
-0.6387176513671875,0.7412567138671875,-0.173492431640625
-0.72015380859375,0.7693023681640625,-0.149871826171875
-0.7509918212890625,0.7464752197265625,-0.1857147216796875
-0.7418365478515625,0.723358154296875,-0.2146759033203125
-0.78485107421875,0.894866943359375,-0.224273681640625
-0.786529541015625,1.0145263671875,-0.2626190185546875
-0.636627197265625,0.83026123046875,-0.2504119873046875
-0.6810455322265625,0.7830047607421875,-0.226593017578125
-0.652496337890625,0.8389892578125,-0.2357330322265625
-0.607452392578125,0.8359527587890625,-0.2281036376953125
-0.5469818115234375,0.7034454345703125,-0.2487335205078125
-0.5557708740234375,0.68701171875,-0.2518157958984375
-0.5229644775390625,0.7307891845703125,-0.1864013671875
-0.491119384765625,0.7540130615234375,-0.1264801025390625
-0.4714813232421875,0.7660064697265625,-0.082427978515625
-0.501617431640625,0.799102783203125,-0.131378173828125
-0.54986572265625,0.849761962890625,-0.1316375732421875
-0.549407958984375,0.8564453125,-0.10882568359375
-0.547698974609375,0.7834320068359375,-0.10675048828125
-0.647857666015625,0.8685760498046875,-0.022705078125
-0.6084747314453125,0.9833984375,-0.015380859375
-0.521636962890625,0.8118438720703125,-0.2040863037109375
-0.657012939453125,0.7031097412109375,-0.167724609375
-0.7227020263671875,0.731353759765625,-0.0589599609375
-0.7377471923828125,0.766845703125,-0.0919342041015625
-0.667205810546875,0.6602325439453125,-0.17144775390625
-0.6439056396484375,0.6360626220703125,-0.2022705078125
-0.61517333984375,0.6739654541015625,-0.13958740234375
-0.60748291015625,0.678253173828125,-0.1253814697265625
-0.6545867919921875,0.7080230712890625,-0.11077880859375
-0.7259979248046875,0.7568359375,-0.111175537109375
-0.7516326904296875,0.754302978515625,-0.129241943359375
-0.7548675537109375,0.7777557373046875,-0.1519012451171875
-0.7152862548828125,0.824371337890625,-0.1231536865234375
-0.778900146484375,0.8946075439453125,-0.1004638671875
-0.8180389404296875,1.0496826171875,-0.1751251220703125
-0.76898193359375,0.883392333984375,-0.2190093994140625
-0.7850189208984375,0.7118377685546875,-0.143218994140625
-0.7765960693359375,0.8375244140625,-0.1243438720703125
-0.678680419921875,0.92620849609375,-0.14007568359375
-0.5962982177734375,0.8565673828125,-0.2129669189453125
-0.51239013671875,0.786529541015625,-0.2288970947265625
-0.48760986328125,0.8128662109375,-0.2089385986328125
-0.4619598388671875,0.7920074462890625,-0.09454345703125
-0.404541015625,0.73394775390625,-0.0709075927734375
-0.3728485107421875,0.698638916015625,-0.1371917724609375
-0.3615875244140625,0.7049560546875,-0.0866851806640625
-0.389434814453125,0.721435546875,-0.021759033203125
-0.4577789306640625,0.80535888671875,0.0023040771484375
-0.490570068359375,0.8907623291015625,-0.111236572265625
-0.6584320068359375,1.0887298583984375,-0.2157135009765625
-0.6403961181640625,1.09014892578125,-0.301727294921875
-0.7429962158203125,0.9512786865234376,-0.247283935546875
-0.7704010009765625,0.718719482421875,-0.1595611572265625
-0.825714111328125,0.698516845703125,-0.1316070556640625
-0.79034423828125,0.769622802734375,-0.18353271484375
-0.6751251220703125,0.7259674072265625,-0.1920928955078125
-0.6137847900390625,0.6535186767578125,-0.156158447265625
-0.5862884521484375,0.672515869140625,-0.114837646484375
-0.5931396484375,0.684356689453125,-0.0362701416015625
-0.5641021728515625,0.70904541015625,-0.0406036376953125
-0.5514373779296875,0.745391845703125,-0.08837890625
-0.6100616455078125,0.785369873046875,-0.10687255859375
-0.689605712890625,0.8716278076171875,-0.1159515380859375
-0.700042724609375,0.863525390625,-0.1442718505859375
-0.696868896484375,0.808013916015625,-0.1853485107421875
-0.7601165771484375,0.957061767578125,-0.1724853515625
-0.6990814208984375,0.9940032958984376,-0.19989013671875
-0.708038330078125,0.750701904296875,-0.1578521728515625
-0.8238067626953125,0.7859039306640625,-0.132781982421875
-0.7705078125,0.904815673828125,-0.0742340087890625
-0.696197509765625,0.9015045166015624,0.0034942626953125
-0.665191650390625,0.7776947021484375,0.01263427734375
-0.6231536865234375,0.750091552734375,-0.0248565673828125
-0.5528564453125,0.769805908203125,-0.0122222900390625
-0.5081634521484375,0.732574462890625,-0.0363006591796875
-0.489227294921875,0.7125091552734375,-0.0687103271484375
-0.445648193359375,0.7143707275390625,-0.107391357421875
-0.3632659912109375,0.715789794921875,-0.1646575927734375
-0.3652496337890625,0.70703125,-0.139678955078125
-0.4891204833984375,0.7982025146484375,-0.0925445556640625
-0.569000244140625,0.8755645751953125,-0.1471099853515625
-0.6926422119140625,1.0847015380859375,-0.1955413818359375
-0.667755126953125,1.143402099609375,-0.3016204833984375
-0.634521484375,0.905548095703125,-0.3856353759765625
-0.77099609375,0.683013916015625,-0.2568206787109375
-0.85552978515625,0.6995697021484375,-0.1133270263671875
-0.767913818359375,0.7347259521484375,-0.0829925537109375
-0.620635986328125,0.7041168212890625,-0.160736083984375
-0.512420654296875,0.6673126220703125,-0.1640167236328125
-0.50445556640625,0.65423583984375,-0.090179443359375
-0.4900665283203125,0.6384124755859375,-0.0176544189453125
-0.4973297119140625,0.647735595703125,0.01837158203125
-0.5907745361328125,0.7133026123046875,-0.023223876953125
-0.737152099609375,0.872406005859375,-0.06597900390625
-0.8412933349609375,0.9388580322265624,-0.0996551513671875
-0.8731689453125,0.8974761962890625,-0.1474456787109375
-0.861053466796875,0.8554534912109375,-0.1583251953125
-0.78607177734375,0.94970703125,-0.1288299560546875
-0.7023162841796875,0.9545135498046876,-0.1460113525390625
-0.656036376953125,0.71185302734375,-0.1399993896484375
-0.7286834716796875,0.72564697265625,-0.0948486328125
-0.7168426513671875,0.899932861328125,-0.1197052001953125
-0.6300201416015625,0.8998260498046875,-0.1657257080078125
-0.6118927001953125,0.80462646484375,-0.2061614990234375
-0.6031341552734375,0.79150390625,-0.191497802734375
-0.5141448974609375,0.7622222900390625,-0.1199188232421875
-0.422271728515625,0.7176055908203125,-0.06317138671875
-0.3641204833984375,0.6957244873046875,-0.0312347412109375
-0.3343048095703125,0.7226715087890625,-0.019775390625
-0.3514556884765625,0.77716064453125,-0.0152435302734375
-0.415802001953125,0.86090087890625,-0.021209716796875
-0.51055908203125,0.8766021728515625,-0.0222930908203125
-0.6670379638671875,0.978790283203125,-0.01324462890625
-0.725799560546875,1.136505126953125,-0.066253662109375
-0.653961181640625,0.9485626220703124,-0.2133941650390625
-0.6766510009765625,0.6442108154296875,-0.162750244140625
-0.7910614013671875,0.6805419921875,-0.0368499755859375
-0.8289642333984375,0.794464111328125,-0.0006256103515625
-0.7864227294921875,0.776702880859375,-0.1284027099609375
-0.7054595947265625,0.6796875,-0.1971435546875
-0.594329833984375,0.658233642578125,-0.150726318359375
-0.54656982421875,0.6702423095703125,-0.0684661865234375
-0.531219482421875,0.6468963623046875,0.0380706787109375
-0.582305908203125,0.662139892578125,0.0435943603515625
-0.698944091796875,0.739105224609375,-0.0428314208984375
-0.7826995849609375,0.7953643798828125,-0.07904052734375
-0.779815673828125,0.8149261474609375,-0.12298583984375
-0.76678466796875,0.8459930419921875,-0.1483001708984375
-0.8499755859375,1.0628204345703125,-0.147613525390625
-0.78253173828125,1.0769805908203125,-0.2666778564453125
-0.69110107421875,0.9213714599609376,-0.3199310302734375
-0.63568115234375,0.7222137451171875,-0.2618865966796875
-0.6350250244140625,0.7434539794921875,-0.1529693603515625
-0.5935821533203125,0.8662872314453125,-0.147125244140625
-0.531097412109375,0.8980560302734375,-0.2062835693359375
-0.5194244384765625,0.812408447265625,-0.263214111328125
-0.52130126953125,0.754638671875,-0.278778076171875
-0.4871368408203125,0.7644500732421875,-0.2523040771484375
-0.450103759765625,0.7490997314453125,-0.12396240234375
-0.409393310546875,0.73046875,-0.104888916015625
-0.392181396484375,0.77197265625,-0.0895843505859375
-0.3979339599609375,0.82611083984375,-0.0975494384765625
-0.458831787109375,0.8270263671875,-0.0685272216796875
-0.544097900390625,0.8199615478515625,0.0103302001953125
-0.6402740478515625,0.944122314453125,0.0890350341796875
-0.6330108642578125,0.9948577880859376,0.0479278564453125
-0.7050018310546875,0.9013519287109376,-0.0338134765625
-0.6910858154296875,0.725982666015625,0.027099609375
-0.7214508056640625,0.6749725341796875,0.091705322265625
-0.7657623291015625,0.7566680908203125,0.0507049560546875
-0.7068634033203125,0.759033203125,-0.0439605712890625
-0.6538238525390625,0.7503509521484375,-0.1737823486328125
-0.6075286865234375,0.74017333984375,-0.23077392578125
-0.58819580078125,0.7319183349609375,-0.1910552978515625
-0.6171112060546875,0.6936187744140625,-0.106231689453125
-0.633453369140625,0.6857147216796875,-0.063507080078125
-0.6684722900390625,0.7206268310546875,-0.1074066162109375
-0.716400146484375,0.73291015625,-0.1295166015625
-0.7972259521484375,0.7920074462890625,-0.14276123046875
-0.8145904541015625,0.8160400390625,-0.1158599853515625
-0.7846221923828125,0.936737060546875,-0.124420166015625
-0.7811737060546875,1.1260528564453125,-0.170379638671875
-0.635284423828125,0.998321533203125,-0.1515655517578125
-0.5643768310546875,0.8028564453125,-0.170257568359375
-0.5341796875,0.722503662109375,-0.1055450439453125
-0.51123046875,0.85906982421875,-0.1381072998046875
-0.365386962890625,0.9392242431640624,-0.2531890869140625
-0.290863037109375,0.8701934814453125,-0.302886962890625
-0.36212158203125,0.814483642578125,-0.24853515625
-0.371002197265625,0.7748565673828125,-0.168792724609375
-0.3572540283203125,0.780609130859375,-0.0914459228515625
-0.3151397705078125,0.7852935791015625,-0.0329437255859375
-0.3137359619140625,0.7711029052734375,-0.08721923828125
-0.3456573486328125,0.73211669921875,-0.092926025390625
-0.406463623046875,0.67706298828125,0.021759033203125
-0.46173095703125,0.608154296875,0.117218017578125
-0.523040771484375,0.609375,0.0917510986328125
-0.5412139892578125,0.65618896484375,0.0406646728515625
-0.5840606689453125,0.672088623046875,0.06988525390625
-0.821868896484375,0.9746246337890624,0.1130828857421875
-0.9617156982421876,1.2076416015625,-0.0543670654296875
-1.1934967041015625,1.2445220947265625,-0.262603759765625
-1.245452880859375,1.193328857421875,-0.3254241943359375
-1.02044677734375,0.8846893310546875,-0.053619384765625
-0.8375701904296875,0.8466033935546875,0.1607513427734375
-0.7028045654296875,0.847564697265625,0.1270294189453125
-0.53900146484375,0.8240203857421875,0.048309326171875
-0.3809356689453125,0.7740325927734375,0.0138397216796875
-0.212738037109375,0.6898193359375,0.0720672607421875
-0.134765625,0.5780487060546875,0.120697021484375
-0.108428955078125,0.5718994140625,0.1276092529296875
-0.2083892822265625,0.746337890625,0.001861572265625
-0.3965911865234375,0.9932098388671876,-0.0213165283203125
-0.52838134765625,1.0177001953125,0.0792236328125
-0.658416748046875,1.127105712890625,-0.0576171875
-0.7448577880859375,1.585693359375,-0.14984130859375
-0.552093505859375,1.498504638671875,-0.2457275390625
-0.7828521728515625,1.0546112060546875,-0.2113494873046875
-0.855712890625,0.8074951171875,-0.1022796630859375
-0.6958160400390625,0.7165985107421875,0.0471038818359375
-0.569610595703125,0.5314483642578125,0.1978912353515625
-0.575439453125,0.4312286376953125,0.21966552734375
-0.6049041748046875,0.488555908203125,0.1147308349609375
-0.588958740234375,0.553070068359375,-0.099609375
-0.6058349609375,0.596038818359375,-0.236328125
-0.7975006103515625,0.9409942626953124,-0.279632568359375
-0.7813568115234375,1.06707763671875,-0.32781982421875
-0.9308319091796876,1.13787841796875,-0.2705230712890625
-1.12457275390625,1.426910400390625,-0.2061309814453125
-0.8824920654296875,1.198974609375,-0.1935272216796875
-0.775634765625,0.9037628173828124,-0.0122222900390625
-0.684417724609375,0.8847198486328125,0.13885498046875
-0.510955810546875,0.8488006591796875,0.1792144775390625
-0.3448028564453125,0.762115478515625,0.16107177734375
-0.2626953125,0.6548919677734375,0.0471038818359375
-0.23211669921875,0.5899505615234375,0.038543701171875
-0.2131195068359375,0.577789306640625,0.110443115234375
-0.2264251708984375,0.6042633056640625,0.0654754638671875
-0.3074493408203125,0.7237548828125,0.0342254638671875
-0.496246337890625,0.9803009033203124,0.072906494140625
-0.5973968505859375,1.1706085205078125,-0.0116424560546875
-0.829742431640625,1.2410125732421875,-0.093353271484375
-0.914886474609375,1.4536590576171875,-0.1858367919921875
-0.742431640625,1.2091064453125,-0.3254852294921875
-0.7813262939453125,0.9848175048828124,-0.2879791259765625
-0.763336181640625,0.8846435546875,-0.166351318359375
-0.68499755859375,0.7582244873046875,-0.0528106689453125
-0.5905914306640625,0.5350341796875,0.068878173828125
-0.5850830078125,0.3947601318359375,0.1154632568359375
-0.6105499267578125,0.3885650634765625,0.05145263671875
-0.6010284423828125,0.4171295166015625,-0.039459228515625
-0.582122802734375,0.434814453125,-0.1295166015625
-0.8438568115234375,0.8521270751953125,-0.2047271728515625
-0.8446197509765625,1.2222137451171875,-0.337493896484375
-0.9441986083984376,1.2237701416015625,-0.3452301025390625
-1.1646728515625,1.4091033935546875,-0.38812255859375
-0.930328369140625,1.25,-0.30963134765625
-0.7758941650390625,1.049652099609375,-0.04388427734375
-0.619964599609375,0.9405670166015624,0.1407623291015625
-0.4625091552734375,0.837890625,0.187957763671875
-0.3263092041015625,0.7443695068359375,0.1624298095703125
-0.1466217041015625,0.6842803955078125,0.1182403564453125
-0.0791168212890625,0.66973876953125,0.0041656494140625
-0.1560821533203125,0.6379547119140625,-0.0095062255859375
-0.2514190673828125,0.63275146484375,0.0619354248046875
-0.3755645751953125,0.7865142822265625,0.0922698974609375
-0.4359130859375,1.121368408203125,0.00457763671875
-0.5811920166015625,1.2603912353515625,-0.1232757568359375
-0.936859130859375,1.4406890869140625,-0.12152099609375
-0.9210052490234376,1.5459442138671875,-0.1695098876953125
-0.8058319091796875,1.1429290771484375,-0.21868896484375
-0.8220062255859375,0.7611846923828125,-0.1859283447265625
-0.7400360107421875,0.630157470703125,-0.0870513916015625
-0.61474609375,0.6197967529296875,-0.0376129150390625
-0.578125,0.589324951171875,0.012420654296875
-0.61590576171875,0.588714599609375,0.0661163330078125
-0.6901702880859375,0.5690765380859375,-0.082763671875
-0.6798858642578125,0.530670166015625,-0.1825103759765625
-0.630584716796875,0.512176513671875,-0.240081787109375
-0.559967041015625,0.5573272705078125,-0.2098541259765625
-0.6732330322265625,0.8899383544921875,-0.2335968017578125
-0.8232421875,1.1986083984375,-0.248748779296875
-0.9800262451171876,1.41552734375,-0.2969512939453125
-1.0718536376953125,1.3949432373046875,-0.4205169677734375
-0.833282470703125,0.9582366943359376,-0.258209228515625
-0.7073211669921875,0.822174072265625,-0.0164947509765625
-0.5492095947265625,0.800506591796875,0.0833282470703125
-0.38232421875,0.7946014404296875,0.023345947265625
-0.3472900390625,0.7828216552734375,-0.1625823974609375
-0.29364013671875,0.692291259765625,-0.2770843505859375
-0.32733154296875,0.6054534912109375,-0.23291015625
-0.3676910400390625,0.576873779296875,-0.1004486083984375
-0.384918212890625,0.6163330078125,-0.03131103515625
-0.43634033203125,0.7252655029296875,-3.0517578125e-05
-0.59429931640625,1.1027069091796875,0.0310211181640625
-0.4981689453125,1.2869110107421875,-0.0976715087890625
-0.8330841064453125,1.470367431640625,-0.2078704833984375
-0.860382080078125,1.5255126953125,-0.348419189453125
-0.7215728759765625,1.1394500732421875,-0.32098388671875
-0.765960693359375,0.8421783447265625,-0.0745391845703125
-0.767669677734375,0.7101593017578125,0.135528564453125
-0.70660400390625,0.6458740234375,0.279510498046875
-0.661529541015625,0.5714111328125,0.204315185546875
-0.72637939453125,0.6481781005859375,-0.00555419921875
-0.8081207275390625,0.7920379638671875,-0.124725341796875
-0.8560791015625,0.911834716796875,-0.2341156005859375
-0.8724365234375,1.033843994140625,-0.288360595703125
-0.87310791015625,1.0885009765625,-0.2510833740234375
-0.7226715087890625,0.9380950927734376,-0.225433349609375
-0.5800628662109375,0.667633056640625,-0.1453857421875
-0.6483306884765625,0.6419830322265625,-0.0724639892578125
-0.7918853759765625,0.917755126953125,-0.0246734619140625
-0.7843475341796875,1.20294189453125,-0.174652099609375
-0.6061248779296875,1.1427001953125,-0.2873687744140625
-0.4552001953125,0.9285736083984376,-0.2737274169921875
-0.347930908203125,0.7908782958984375,-0.1801300048828125
-0.2744903564453125,0.720184326171875,-0.1096343994140625
-0.2558135986328125,0.6797943115234375,-0.0210723876953125
-0.302459716796875,0.658111572265625,0.06146240234375
-0.37542724609375,0.6351776123046875,0.056060791015625
-0.420989990234375,0.6440887451171875,0.060150146484375
-0.440673828125,0.658172607421875,0.084869384765625
-0.47235107421875,0.706451416015625,0.078643798828125
-0.5049591064453125,0.6939544677734375,0.0736541748046875
-0.526641845703125,0.565032958984375,0.1332855224609375
-0.5586395263671875,0.482269287109375,0.1944580078125
-0.5715484619140625,0.55670166015625,0.2122650146484375
-0.7205810546875,0.9351654052734376,0.123870849609375
-0.8432159423828125,1.5269622802734375,-0.085296630859375
-0.8671417236328125,1.39361572265625,-0.2956390380859375
-1.11944580078125,1.397918701171875,-0.26055908203125
-0.8744049072265625,1.2233734130859375,-0.216583251953125
-0.6035614013671875,0.8188934326171875,-0.1148223876953125
-0.5238189697265625,0.58477783203125,-0.0496368408203125
-0.4317169189453125,0.5367889404296875,-0.0084228515625
-0.3417205810546875,0.56298828125,0.029754638671875
-0.369110107421875,0.633392333984375,0.0829620361328125
-0.4775390625,0.71649169921875,0.1178436279296875
-0.5845489501953125,0.7295379638671875,0.01373291015625
-0.6311798095703125,0.65093994140625,-0.043914794921875
-0.6106414794921875,0.6688690185546875,-0.1058197021484375
-0.5529327392578125,0.7009735107421875,-0.1381378173828125
-0.5211334228515625,0.6555633544921875,-0.0261688232421875
-0.713409423828125,0.7898101806640625,0.09747314453125
-0.8394927978515625,1.103515625,0.161163330078125
-0.872894287109375,1.095947265625,0.1959686279296875
-0.9930572509765624,1.573486328125,0.01141357421875
-0.753753662109375,1.191497802734375,-0.20123291015625
-0.72222900390625,0.6867523193359375,0.1056365966796875
-0.594696044921875,0.5845184326171875,0.3853759765625
-0.413421630859375,0.663177490234375,0.26080322265625
-0.2614288330078125,0.7060546875,0.0616607666015625
-0.2660675048828125,0.7132415771484375,-0.049224853515625
-0.38446044921875,0.73223876953125,-0.09454345703125
-0.4321746826171875,0.7480926513671875,-0.1155548095703125
-0.448944091796875,0.7382354736328125,-0.044342041015625
-0.4756317138671875,0.7652435302734375,0.118499755859375
-0.4707489013671875,0.8052215576171875,0.1921844482421875
-0.5579681396484375,0.6612701416015625,0.1695709228515625
-0.5978851318359375,0.6651458740234375,0.1431732177734375
-0.519622802734375,0.6571807861328125,0.116058349609375
-0.5109405517578125,0.5723876953125,0.185028076171875
-0.4598846435546875,0.4734649658203125,0.14959716796875
-0.4787750244140625,0.4609222412109375,0.0243072509765625
-0.445556640625,0.5208282470703125,-0.0129852294921875
-0.4128265380859375,0.6110076904296875,-0.031158447265625
-0.4602508544921875,0.743743896484375,-0.0097503662109375
-0.4285125732421875,0.8995361328125,-0.0150146484375
-0.564910888671875,0.9003143310546875,-0.1718597412109375
-0.76959228515625,0.800140380859375,-0.1512298583984375
-0.782745361328125,0.870697021484375,-0.0564422607421875
-0.722259521484375,0.8468170166015625,-0.124298095703125
-0.8116607666015625,0.8188018798828125,-0.1081695556640625
-0.9714508056640624,0.8172760009765625,-0.2227325439453125
-0.9284515380859376,0.8563232421875,-0.1732025146484375
-1.0113525390625,0.907135009765625,-0.343292236328125
-1.1141357421875,0.93280029296875,-0.47320556640625
-1.170654296875,0.917999267578125,-0.5972442626953125
-1.06103515625,0.8800506591796875,-0.720733642578125
-1.0277862548828125,0.8612213134765625,-0.8785400390625
-0.9180908203125,0.8319854736328125,-1.1027984619140625
-0.7697906494140625,0.75537109375,-0.8901519775390625
-0.5802001953125,0.6119537353515625,-0.7850341796875
-0.365020751953125,0.36871337890625,-1.0336151123046875
-0.08209228515625,0.2615509033203125,-1.0948486328125
-0.0269622802734375,0.25213623046875,-1.1725616455078125
-0.1352386474609375,0.18231201171875,-0.9881744384765624
-0.1633453369140625,0.1425933837890625,-0.8067169189453125
-0.104705810546875,0.0951080322265625,-0.805755615234375
-0.0264129638671875,0.1054229736328125,-0.9272613525390624
-0.0214385986328125,0.0169525146484375,-0.738800048828125
0.004486083984375,-0.149688720703125,-0.6088409423828125
0.0413055419921875,-0.1963958740234375,-0.6977081298828125
0.035400390625,-0.2412872314453125,-0.707489013671875
0.036407470703125,-0.2718963623046875,-0.744842529296875
0.0500946044921875,-0.278900146484375,-0.75146484375
0.1096343994140625,-0.3050537109375,-0.797607421875
0.1649932861328125,-0.2990264892578125,-0.917572021484375
0.11492919921875,-0.3251190185546875,-0.8848876953125
0.0920562744140625,-0.3608551025390625,-0.8172607421875
0.04132080078125,-0.3742828369140625,-0.8817901611328125
-0.0093231201171875,-0.382415771484375,-1.0450592041015625
0.0014801025390625,-0.405029296875,-0.9309844970703124
0.01873779296875,-0.3967437744140625,-0.902862548828125
0.05828857421875,-0.38885498046875,-0.8269500732421875
0.1140899658203125,-0.3774871826171875,-0.8091583251953125
0.1108856201171875,-0.3810272216796875,-0.8385162353515625
0.1224212646484375,-0.380615234375,-0.89501953125
0.1603851318359375,-0.3665618896484375,-0.9236602783203124
0.1501312255859375,-0.377105712890625,-0.9263153076171876
